event_id,well_code,depth_start,depth_end,formation,event_type,severity,description,cause,mitigation,source_document,source_page
DEV-E001,W-014,2830,2860,F3,MUD_LOSS,HIGH,Partial mud loss while drilling a permeable F3 sandstone.,Elevated equivalent circulating density across a fractured interval.,Reduced pump rate and placed a staged LCM sweep; returns stabilized.,DEV-DDR-W-014-23,12
DEV-E002,W-021,2850,2872,F3,MUD_LOSS,MEDIUM,Partial losses recorded across the lower F3 sandstone.,Formation intake increased as the well entered a more permeable bed.,Placed an LCM pill and confirmed returns before resuming drilling.,DEV-DDR-W-021-23,18
DEV-E003,W-031,2864,2892,F3,MUD_LOSS,HIGH,Mud loss with reduced surface returns near the F3 lower contact.,Fractured sandstone response during the interval transition.,"Reduced ECD, circulated a weighted LCM pill, and monitored pit volume.",DEV-DDR-W-031-23,9
DEV-E004,W-003,2510,2534,F3,STUCK_PIPE,MEDIUM,Overpull increased after a short connection while drilling F3.,Cuttings accumulation and a tight hole were noted in the daily report.,Worked the string carefully and circulated a high-viscosity sweep.,DEV-DDR-W-003-23,22
DEV-E005,W-006,3020,3044,F4,TORQUE_DRAG,HIGH,Sustained torque increase while drilling the upper F4 section.,Abrupt lithology change with rising drag on the build section.,"Reduced WOB, reamed the interval, and checked the torque trend.",DEV-DDR-W-006-23,14
DEV-E006,W-008,3110,3136,F4,KICK_PRESSURE,HIGH,Flow check identified a short-lived flow increase after a connection.,Possible influx indicator during a pressure transition.,Performed a flow check and verified pit-volume trend before proceeding.,DEV-DDR-W-008-23,7
DEV-E007,W-011,2398,2420,F2,CEMENTING,MEDIUM,Cement returns were lower than the planned volume during casing.,Loss of slurry volume across a permeable F2 string section.,Recorded the shortfall and completed a documented top-up.,DEV-DDR-W-011-23,31
DEV-E008,W-017,3002,3025,F4,MUD_LOSS,MEDIUM,Reduced returns observed near the F3/F4 transition.,A narrow loss zone was reported at the formation boundary.,Held depth and treated with a low-solids LCM blend.,DEV-DDR-W-017-23,16
DEV-E009,W-019,2490,2518,F3,KICK_PRESSURE,MEDIUM,Standpipe pressure and flow readings prompted a connection flow check.,Pressure response differed from the established drilling trend.,Confirmed static conditions and reviewed the mud-weight margin.,DEV-DDR-W-019-23,11
DEV-E010,W-024,2794,2818,F3,STUCK_PIPE,LOW,Drag increased during a short trip through the F3 interval.,Cuttings loading was suspected after reduced circulation time.,Circulated a sweep and monitored pickup weight.,DEV-DDR-W-024-23,24
DEV-E011,W-030,3210,3238,F4,TORQUE_DRAG,MEDIUM,Intermittent torque peaks during a directional correction.,Dogleg severity increased over the recorded survey interval.,Reamed the section and reviewed the survey before continuing.,DEV-DDR-W-030-23,19
DEV-E012,N-101,2820,2848,F3,MUD_LOSS,MEDIUM,Partial losses reported while drilling a lower F3 sandstone.,Permeable bed intake with stable well-control indicators.,Applied an LCM sweep and tracked returns through the next stand.,DEV-DDR-N-101-23,15
DEV-E013,N-108,3090,3124,F4,TORQUE_DRAG,MEDIUM,Torque increased during a high-angle section in F4.,Drag rose with inclination and sliding footage.,Adjusted the rotary schedule and reamed before the next trip.,DEV-DDR-N-108-23,20
DEV-E014,N-112,2670,2696,F3,STUCK_PIPE,HIGH,String movement slowed after a prolonged drilling interval.,Cuttings bed and tight-hole signs were described in the report.,Circulated bottoms-up and worked the pipe within operating limits.,DEV-DDR-N-112-23,13
DEV-E015,N-115,2376,2404,F2,CEMENTING,LOW,Cement displacement finished below the planned return volume.,Small slurry-volume shortfall during the casing job.,Logged the final volumes and completed a verification top-up.,DEV-DDR-N-115-23,28
DEV-E016,N-118,3160,3188,F4,KICK_PRESSURE,MEDIUM,Flow check requested after a modest pit gain at connection.,Possible influx indicator; no sustained flow was confirmed.,"Held pumps, checked flow, and reviewed the trip margin.",DEV-DDR-N-118-23,8
DEV-E017,M-201,2826,2854,F3,MUD_LOSS,MEDIUM,Returns reduced while drilling the lower F3 sandstone.,Formation intake increased over a 28 m interval.,Pumped a staged LCM blend and monitored the next connection.,DEV-DDR-M-201-23,17
DEV-E018,M-205,3150,3182,F4,TORQUE_DRAG,HIGH,High torque persisted through a directional interval.,Survey showed increasing inclination and contact length.,Reduced WOB and reviewed the planned trajectory.,DEV-DDR-M-205-23,10
DEV-E019,M-212,2888,2910,F3,STUCK_PIPE,MEDIUM,Overpull increased during a short trip near the F3 lower contact.,Tight-hole response after extended drilling without a sweep.,Circulated and reamed the interval before resuming the trip.,DEV-DDR-M-212-23,23
DEV-E020,M-216,3330,3356,F4,KICK_PRESSURE,LOW,A flow check was recorded after a pressure fluctuation.,Transient surface reading; no sustained flow documented.,Confirmed static conditions and recorded the check result.,DEV-DDR-M-216-23,6
DEV-E021,M-219,2390,2416,F2,CEMENTING,MEDIUM,Cement returns fell below the planned displacement volume.,Permeable interval affected the slurry return balance.,Completed a top-up and documented the final cement volume.,DEV-DDR-M-219-23,27
DEV-E022,T-301,2818,2840,F3,MUD_LOSS,LOW,Minor return reduction noted near the top of the lower F3 sandstone.,"Small, stable loss with no reported pressure anomaly.",Observed returns and held the mud program steady.,DEV-DDR-T-301-23,21
DEV-E023,T-304,3094,3120,F4,TORQUE_DRAG,MEDIUM,Rotary torque rose during the F4 directional section.,Higher side force was recorded after a trajectory change.,Reamed the interval and compared pickup/slack-off weights.,DEV-DDR-T-304-23,12
