well_code,field,measured_depth,tvd,inclination,azimuth
A-101,Duliajan,0,0,0.0,0.0
A-101,Duliajan,1620,1614,4.2,78.0
A-101,Duliajan,3240,3214,8.6,82.0
W-014,Duliajan,0,0,0.0,0.0
W-014,Duliajan,1685,1678,4.2,78.0
W-014,Duliajan,3370,3343,8.6,82.0
W-021,Duliajan,0,0,0.0,0.0
W-021,Duliajan,1645,1638,4.2,78.0
W-021,Duliajan,3290,3264,8.6,82.0
W-031,Duliajan,0,0,0.0,0.0
W-031,Duliajan,1705,1698,4.2,78.0
W-031,Duliajan,3410,3383,8.6,82.0
W-003,Duliajan,0,0,0.0,0.0
W-003,Duliajan,1580,1574,4.2,78.0
W-003,Duliajan,3160,3135,8.6,82.0
W-006,Duliajan,0,0,0.0,0.0
W-006,Duliajan,1760,1753,4.2,78.0
W-006,Duliajan,3520,3492,8.6,82.0
W-008,Duliajan,0,0,0.0,0.0
W-008,Duliajan,1740,1733,4.2,78.0
W-008,Duliajan,3480,3452,8.6,82.0
W-011,Duliajan,0,0,0.0,0.0
W-011,Duliajan,1545,1539,4.2,78.0
W-011,Duliajan,3090,3065,8.6,82.0
W-017,Duliajan,0,0,0.0,0.0
W-017,Duliajan,1775,1768,4.2,78.0
W-017,Duliajan,3550,3522,8.6,82.0
W-019,Duliajan,0,0,0.0,0.0
W-019,Duliajan,1610,1604,4.2,78.0
W-019,Duliajan,3220,3194,8.6,82.0
W-024,Duliajan,0,0,0.0,0.0
W-024,Duliajan,1675,1668,4.2,78.0
W-024,Duliajan,3350,3323,8.6,82.0
W-027,Duliajan,0,0,0.0,0.0
W-027,Duliajan,1505,1499,4.2,78.0
W-027,Duliajan,3010,2986,8.6,82.0
W-030,Duliajan,0,0,0.0,0.0
W-030,Duliajan,1805,1798,4.2,78.0
W-030,Duliajan,3610,3581,8.6,82.0
W-034,Duliajan,0,0,0.0,0.0
W-034,Duliajan,1650,1643,4.2,78.0
W-034,Duliajan,3300,3274,8.6,82.0
N-101,Naharkatiya,0,0,0.0,0.0
N-101,Naharkatiya,1680,1673,4.2,78.0
N-101,Naharkatiya,3360,3333,8.6,82.0
N-102,Naharkatiya,0,0,0.0,0.0
N-102,Naharkatiya,1590,1584,4.2,78.0
N-102,Naharkatiya,3180,3155,8.6,82.0
N-108,Naharkatiya,0,0,0.0,0.0
N-108,Naharkatiya,1745,1738,4.2,78.0
N-108,Naharkatiya,3490,3462,8.6,82.0
N-112,Naharkatiya,0,0,0.0,0.0
N-112,Naharkatiya,1660,1653,4.2,78.0
N-112,Naharkatiya,3320,3293,8.6,82.0
N-115,Naharkatiya,0,0,0.0,0.0
N-115,Naharkatiya,1560,1554,4.2,78.0
N-115,Naharkatiya,3120,3095,8.6,82.0
N-118,Naharkatiya,0,0,0.0,0.0
N-118,Naharkatiya,1755,1748,4.2,78.0
N-118,Naharkatiya,3510,3482,8.6,82.0
N-121,Naharkatiya,0,0,0.0,0.0
N-121,Naharkatiya,1635,1628,4.2,78.0
N-121,Naharkatiya,3270,3244,8.6,82.0
N-124,Naharkatiya,0,0,0.0,0.0
N-124,Naharkatiya,1490,1484,4.2,78.0
N-124,Naharkatiya,2980,2956,8.6,82.0
N-127,Naharkatiya,0,0,0.0,0.0
N-127,Naharkatiya,1720,1713,4.2,78.0
N-127,Naharkatiya,3440,3412,8.6,82.0
N-130,Naharkatiya,0,0,0.0,0.0
N-130,Naharkatiya,1580,1574,4.2,78.0
N-130,Naharkatiya,3160,3135,8.6,82.0
M-201,Moran,0,0,0.0,0.0
M-201,Moran,1655,1648,4.2,78.0
M-201,Moran,3310,3284,8.6,82.0
M-205,Moran,0,0,0.0,0.0
M-205,Moran,1785,1778,4.2,78.0
M-205,Moran,3570,3541,8.6,82.0
M-208,Moran,0,0,0.0,0.0
M-208,Moran,1600,1594,4.2,78.0
M-208,Moran,3200,3174,8.6,82.0
M-212,Moran,0,0,0.0,0.0
M-212,Moran,1695,1688,4.2,78.0
M-212,Moran,3390,3363,8.6,82.0
M-216,Moran,0,0,0.0,0.0
M-216,Moran,1740,1733,4.2,78.0
M-216,Moran,3480,3452,8.6,82.0
M-219,Moran,0,0,0.0,0.0
M-219,Moran,1570,1564,4.2,78.0
M-219,Moran,3140,3115,8.6,82.0
M-223,Moran,0,0,0.0,0.0
M-223,Moran,1645,1638,4.2,78.0
M-223,Moran,3290,3264,8.6,82.0
M-229,Moran,0,0,0.0,0.0
M-229,Moran,1480,1474,4.2,78.0
M-229,Moran,2960,2936,8.6,82.0
T-301,Tengakhat,0,0,0.0,0.0
T-301,Tengakhat,1670,1663,4.2,78.0
T-301,Tengakhat,3340,3313,8.6,82.0
T-304,Tengakhat,0,0,0.0,0.0
T-304,Tengakhat,1770,1763,4.2,78.0
T-304,Tengakhat,3540,3512,8.6,82.0
T-308,Tengakhat,0,0,0.0,0.0
T-308,Tengakhat,1565,1559,4.2,78.0
T-308,Tengakhat,3130,3105,8.6,82.0
T-311,Tengakhat,0,0,0.0,0.0
T-311,Tengakhat,1690,1683,4.2,78.0
T-311,Tengakhat,3380,3353,8.6,82.0
