well_code,name,field,latitude,longitude,status,spud_date,total_depth,current_depth,formation
A-101,Duliajan A-101,Duliajan,27.36,95.335,drilling,2024-03-18,3240,2840,F3
W-014,Duliajan W-014,Duliajan,27.369881,95.373435,completed,2022-08-12,3370,,F3
W-021,Duliajan W-021,Duliajan,27.347424,95.39771,completed,2022-08-12,3290,,F3
W-031,Duliajan W-031,Duliajan,27.377966,95.259141,completed,2022-08-12,3410,,F3
W-003,Duliajan W-003,Duliajan,27.335746,95.356241,completed,2022-08-12,3160,,F2
W-006,Duliajan W-006,Duliajan,27.325864,95.294542,completed,2022-08-12,3520,,F4
W-008,Duliajan W-008,Duliajan,27.368983,95.418951,completed,2022-08-12,3480,,F4
W-011,Duliajan W-011,Duliajan,27.406712,95.366355,completed,2022-08-12,3090,,F2
W-017,Duliajan W-017,Duliajan,27.400424,95.277347,completed,2022-08-12,3550,,F4
W-019,Duliajan W-019,Duliajan,27.319576,95.384561,completed,2022-08-12,3220,,F2
W-024,Duliajan W-024,Duliajan,27.433662,95.324885,completed,2022-08-12,3350,,F3
W-027,Duliajan W-027,Duliajan,27.347424,95.243969,completed,2022-08-12,3010,,F1
W-030,Duliajan W-030,Duliajan,27.324068,95.4321,completed,2022-08-12,3610,,F4
W-034,Duliajan W-034,Duliajan,27.369881,95.440191,completed,2022-08-12,3300,,F3
N-101,Naharkatiya N-101,Naharkatiya,27.288,95.045,completed,2022-08-12,3360,,F3
N-102,Naharkatiya N-102,Naharkatiya,27.301475,95.075324,completed,2022-08-12,3180,,F2
N-108,Naharkatiya N-108,Naharkatiya,27.309559,95.016698,completed,2022-08-12,3490,,F4
N-112,Naharkatiya N-112,Naharkatiya,27.269135,95.097562,completed,2022-08-12,3320,,F3
N-115,Naharkatiya N-115,Naharkatiya,27.261051,94.999514,completed,2022-08-12,3120,,F2
N-118,Naharkatiya N-118,Naharkatiya,27.337407,95.059151,completed,2022-08-12,3510,,F4
N-121,Naharkatiya N-121,Naharkatiya,27.296983,94.98233,completed,2022-08-12,3270,,F3
N-124,Naharkatiya N-124,Naharkatiya,27.322136,95.115756,completed,2022-08-12,2980,,F1
N-127,Naharkatiya N-127,Naharkatiya,27.22961,95.053086,completed,2022-08-12,3440,,F4
N-130,Naharkatiya N-130,Naharkatiya,27.251169,94.970201,completed,2022-08-12,3160,,F2
M-201,Moran M-201,Moran,27.17,94.915,completed,2022-08-12,3310,,F3
M-205,Moran M-205,Moran,27.187966,94.95236,completed,2022-08-12,3570,,F4
M-208,Moran M-208,Moran,27.195153,94.879659,completed,2022-08-12,3200,,F2
M-212,Moran M-212,Moran,27.148441,94.973564,completed,2022-08-12,3390,,F3
M-216,Moran M-216,Moran,27.152034,94.858455,completed,2022-08-12,3480,,F4
M-219,Moran M-219,Moran,27.224797,94.931156,completed,2022-08-12,3140,,F2
M-223,Moran M-223,Moran,27.109813,94.902883,completed,2022-08-12,3290,,F3
M-229,Moran M-229,Moran,27.205932,94.98871,completed,2022-08-12,2960,,F1
T-301,Tengakhat T-301,Tengakhat,27.21,95.11,completed,2022-08-12,3340,,F3
T-304,Tengakhat T-304,Tengakhat,27.19922,95.145353,completed,2022-08-12,3540,,F4
T-308,Tengakhat T-308,Tengakhat,27.234254,95.077677,completed,2022-08-12,3130,,F2
T-311,Tengakhat T-311,Tengakhat,27.246831,95.166565,completed,2022-08-12,3380,,F3
